 INSERT INTO CAR_MARK (ID, NAME) VALUES (1, 'MERCEDES');
 INSERT INTO CAR_MARK (ID, NAME) VALUES (2, 'AUDI');
 INSERT INTO CAR_MARK (ID, NAME) VALUES (3, 'BMW');
 INSERT INTO CAR_MARK (ID, NAME) VALUES (4, 'VW');
 INSERT INTO CAR_MARK (ID, NAME) VALUES (5, 'FIAT');
 INSERT INTO CAR_MARK (ID, NAME) VALUES (6, 'FORD');

 INSERT INTO CAR_MODEL (ID, CAR_MARK_ID, NAME) VALUES (1, 1, 'CLA' );
 INSERT INTO CAR_MODEL (ID, CAR_MARK_ID, NAME) VALUES (2, 1, 'C CLASS' );
 INSERT INTO CAR_MODEL (ID, CAR_MARK_ID, NAME) VALUES (3, 1, 'S CLASS' );

 INSERT INTO CAR_MODEL (ID, CAR_MARK_ID, NAME) VALUES (4, 2, 'A6' );
 INSERT INTO CAR_MODEL (ID, CAR_MARK_ID, NAME) VALUES (5, 2, 'A7' );
 INSERT INTO CAR_MODEL (ID, CAR_MARK_ID, NAME) VALUES (6, 2, 'A4' );

 INSERT INTO CAR_MODEL (ID, CAR_MARK_ID, NAME) VALUES (7, 3, 'M4' );
 INSERT INTO CAR_MODEL (ID, CAR_MARK_ID, NAME) VALUES (8, 3, 'M2' );
 INSERT INTO CAR_MODEL (ID, CAR_MARK_ID, NAME) VALUES (9, 3, 'F10' );

 INSERT INTO CAR_MODEL (ID, CAR_MARK_ID, NAME) VALUES (10, 4, 'PASSAT' );
 INSERT INTO CAR_MODEL (ID, CAR_MARK_ID, NAME) VALUES (11, 4, 'GOLF' );
 INSERT INTO CAR_MODEL (ID, CAR_MARK_ID, NAME) VALUES (12, 4, 'ARTEON' );

 INSERT INTO CAR_MODEL (ID, CAR_MARK_ID, NAME) VALUES (13, 4, '500' );
 INSERT INTO CAR_MODEL (ID, CAR_MARK_ID, NAME) VALUES (14, 4, '126P' );
 INSERT INTO CAR_MODEL (ID, CAR_MARK_ID, NAME) VALUES (15, 4, 'PUNTO' );

 INSERT INTO CAR_MODEL (ID, CAR_MARK_ID, NAME) VALUES (16, 4, 'MONDEO' );
 INSERT INTO CAR_MODEL (ID, CAR_MARK_ID, NAME) VALUES (17, 4, 'FIESTA' );
 INSERT INTO CAR_MODEL (ID, CAR_MARK_ID, NAME) VALUES (18, 4, 'FOCUS' );

 INSERT INTO CAR (ID, CAR_MODEL_ID, COLOR, PRICE, URL, SHORT_INFO, LONG_INFO) VALUES (1, 1, '#000000', 150000, 'https://autow5minut.pl/wp-content/uploads/2017/08/mercedes_amg_cla45_381km_07.jpg', 'samochód osobowy klasy kompaktowej produkowany przez niemiecki koncern Mercedes-Benz w fabryce na Węgrzech od 2013 roku.','Auto zostało zaprezentowane w wersji produkcyjnej podczas targów motoryzacyjnych w Detroit w styczniu 2013 roku. Auto nie ma poprzednika, ani też bezpośredniego konkurenta. To sedan powstały na tej samej koncepcji co model CLS. Pojazd jest tak naprawdę wersją sedan trzeciej generacji A-klasy. Samochód powstał na bazie prototypu pod nazwą Mercedes-Benz Concept Style Coupé.
Produkcję pojazdu rozpoczęto w węgierskiej fabryce w styczniu 2013 roku. W oficjalnej uroczystości uczestniczył m.in. premier Węgier Viktor Orbán oraz doktor Dieter Zetsche, prezes marki Mercedes-Benz.' );
 INSERT INTO CAR (ID, CAR_MODEL_ID, COLOR, PRICE, URL, SHORT_INFO, LONG_INFO) VALUES (2, 3, '#ffffff', 350000, 'https://www.mercedes-amg.com/dam/hq/model-pages/Vehicles/S-class/Coupe/S63/Facelift/C217_ext_SSPIP77359_sd.jpg/_jcr_content/renditions/original./C217_ext_SSPIP77359_sd.jpg', 'Samochód osobowy klasy luksusowej produkowany przez niemiecką firmę Mercedes-Benz od lipca 2013 roku.', 'Pojazd został zaprezentowany 15 maja 2013 roku w Hamburgu. Stylistyka nadwozia nawiązuje do modeli CLA i CLS. Współczynnik oporu aerodynamicznego nadwozia Cx obniżono do 0,24 lub 0,23 (w zależności od wersji).Zawieszenie pojazdu oparte jest na pneumatycznym układzie Airmatic znanym z poprzednich generacji modelu. Cała karoseria wykonana została z aluminium, w porównaniu z poprzednikiem wzrosły nieznacznie wymiary nadwozia, zachowano przy tym taki sam rozstaw osi. Masa własna wzrosła o kilkadziesiąt kg. Do oświetlenia wykorzystano wyłącznie diody typu LED. Napęd przenoszony jest na oś tylną poprzez 7-biegową automatyczną skrzynię biegów G-Tronic. Pojazd oferowany jest w wersji ze standardowym oraz przedłużonym rozstawem os');
 INSERT INTO CAR (ID, CAR_MODEL_ID, COLOR, PRICE, URL, SHORT_INFO, LONG_INFO) VALUES (3, 4, '#ffffff', 250000, 'https://s.aolcdn.com/dims-global/dims3/GLOB/legacy_thumbnail/788x525/quality/85/https://s.aolcdn.com/commerce/autodata/images/USC60AUC021B021001.jpg', 'samochód osobowy klasy premium produkowany od 1994 roku przez markę Audi. Od 2018 roku produkowana jest piąta generacja pojazdu', 'Od szerokiej chłodnicy Singleframe przez dynamicznie zwężone reflektory i wyraźnie zaznaczone krawędzie karoserii aż po elegancko wykończony tył  Audi A6 Limousine każdym detalem daje jasną deklarację swojego charakteru: sportowego luksusu i najwyższej jakości.');
 INSERT INTO CAR (ID, CAR_MODEL_ID, COLOR, PRICE, URL, SHORT_INFO, LONG_INFO) VALUES (4, 6, '#ffff00', 450000, 'https://s.aolcdn.com/commerce/autodata/images/USC50BMC641A021001.jpg', 'najnowszy model auta sportowego marki BMW serii 4, następca modelu E92 BMW M3', 'Na rynku aut sportowych zastępuje dwa bliźniacze modele; BMW M3 Coupe i BMW M3 Convertible. Chociaż samo nadwozie nie uległo dużej modyfikacji to sam producent zapewnia, iż wnętrze, sterowanie, silnik, skrzynia biegów, a także zawieszenie zostały poddane ulepszeniu. Sporo elementów zostało zastąpionych elementami wykonanymi z włókna węglowego, co zmniejsza ich zużycie oraz wagę auta.');

 INSERT INTO CAR (ID, CAR_MODEL_ID, COLOR, PRICE, URL, SHORT_INFO, LONG_INFO) VALUES (5, 10, '#e20241', 35000, 'https://d1ek71enupal89.cloudfront.net/images/blocks_png/VOLKSWAGEN/PASSAT/4DR/16VwPasRli4drWhiFR1_800.jpg', 'Lorem ipsum dolor sit amet, consectetur adipiscing elit. Pellentesque scelerisque condimentum eros in faucibus.',
                                                                                      'In ut leo nibh. Duis at lectus et mauris pretium finibus a pretium tellus. Etiam maximus ultricies urna, pellentesque posuere urna condimentum eget. Maecenas scelerisque lorem eget dolor fringilla egestas. Sed id est finibus, egestas purus et, dapibus arcu. Donec at nisl vel nibh elementum dignissim. Pellentesque nibh tellus, egestas quis gravida id, varius sit amet diam. In fermentum orci lacus, ac porttitor augue sodales nec. In at dictum libero. Pellentesque convallis sodales semper. Morbi auctor suscipit sem ac dapibus. Praesent ac pretium magna. Vivamus cursus ipsum eget metus feugiat, pretium gravida nisi sodales. Suspendisse eget cursus magna. Nullam et purus blandit, facilisis nisl bibendum, pellentesque turpis. Phasellus ut nibh quis sapien consectetur convallis.');

 INSERT INTO CAR (ID, CAR_MODEL_ID, COLOR, PRICE, URL, SHORT_INFO, LONG_INFO) VALUES (6, 14, '#14b200', 25000, 'https://i.wpimg.pl/315x0/m.autokult.pl/malusiooo-1aec2461fbba50cbbf73ae.jpg', 'Lorem ipsum dolor sit amet, consectetur adipiscing elit. Pellentesque scelerisque condimentum eros in faucibus.',
                                                                                      'In ut leo nibh. Duis at lectus et mauris pretium finibus a pretium tellus. Etiam maximus ultricies urna, pellentesque posuere urna condimentum eget. Maecenas scelerisque lorem eget dolor fringilla egestas. Sed id est finibus, egestas purus et, dapibus arcu. Donec at nisl vel nibh elementum dignissim. Pellentesque nibh tellus, egestas quis gravida id, varius sit amet diam. In fermentum orci lacus, ac porttitor augue sodales nec. In at dictum libero. Pellentesque convallis sodales semper. Morbi auctor suscipit sem ac dapibus. Praesent ac pretium magna. Vivamus cursus ipsum eget metus feugiat, pretium gravida nisi sodales. Suspendisse eget cursus magna. Nullam et purus blandit, facilisis nisl bibendum, pellentesque turpis. Phasellus ut nibh quis sapien consectetur convallis.');

 INSERT INTO CAR (ID, CAR_MODEL_ID, COLOR, PRICE, URL, SHORT_INFO, LONG_INFO) VALUES (7, 17, '#1a00a0', 30000, 'https://d-mf.ppstatic.pl/art/7k/rb/fe1ddksg884skwcsc80s4/ford-fiesta-2.1200.jpg', 'Lorem ipsum dolor sit amet, consectetur adipiscing elit. Pellentesque scelerisque condimentum eros in faucibus.',
                                                                                      'In ut leo nibh. Duis at lectus et mauris pretium finibus a pretium tellus. Etiam maximus ultricies urna, pellentesque posuere urna condimentum eget. Maecenas scelerisque lorem eget dolor fringilla egestas. Sed id est finibus, egestas purus et, dapibus arcu. Donec at nisl vel nibh elementum dignissim. Pellentesque nibh tellus, egestas quis gravida id, varius sit amet diam. In fermentum orci lacus, ac porttitor augue sodales nec. In at dictum libero. Pellentesque convallis sodales semper. Morbi auctor suscipit sem ac dapibus. Praesent ac pretium magna. Vivamus cursus ipsum eget metus feugiat, pretium gravida nisi sodales. Suspendisse eget cursus magna. Nullam et purus blandit, facilisis nisl bibendum, pellentesque turpis. Phasellus ut nibh quis sapien consectetur convallis.');

 INSERT INTO CAR (ID, CAR_MODEL_ID, COLOR, PRICE, URL, SHORT_INFO, LONG_INFO) VALUES (8, 16, '#ded8ff', 60000, 'https://www.autocentrum.pl/ac-file/car-version/58e89cc1582c7d063c8b457c/ford-mondeo-v-liftback-2-0-tdci-150km-110kw-od-2014.jpg', 'Lorem ipsum dolor sit amet, consectetur adipiscing elit. Pellentesque scelerisque condimentum eros in faucibus.',
                                                                                      'In ut leo nibh. Duis at lectus et mauris pretium finibus a pretium tellus. Etiam maximus ultricies urna, pellentesque posuere urna condimentum eget. Maecenas scelerisque lorem eget dolor fringilla egestas. Sed id est finibus, egestas purus et, dapibus arcu. Donec at nisl vel nibh elementum dignissim. Pellentesque nibh tellus, egestas quis gravida id, varius sit amet diam. In fermentum orci lacus, ac porttitor augue sodales nec. In at dictum libero. Pellentesque convallis sodales semper. Morbi auctor suscipit sem ac dapibus. Praesent ac pretium magna. Vivamus cursus ipsum eget metus feugiat, pretium gravida nisi sodales. Suspendisse eget cursus magna. Nullam et purus blandit, facilisis nisl bibendum, pellentesque turpis. Phasellus ut nibh quis sapien consectetur convallis.');

 INSERT INTO CAR (ID, CAR_MODEL_ID, COLOR, PRICE, URL, SHORT_INFO, LONG_INFO) VALUES (9, 8, '#000000', 260000, 'https://www.bmw-m.com/content/dam/bmw/marketBMW_M/common/topics/magazine-article-pool/2018/bmw-m2-competition-mpp/bmw-m2-competition-mpp-stage-teaser-L.jpg', 'Lorem ipsum dolor sit amet, consectetur adipiscing elit. Pellentesque scelerisque condimentum eros in faucibus.',
                                                                                      'In ut leo nibh. Duis at lectus et mauris pretium finibus a pretium tellus. Etiam maximus ultricies urna, pellentesque posuere urna condimentum eget. Maecenas scelerisque lorem eget dolor fringilla egestas. Sed id est finibus, egestas purus et, dapibus arcu. Donec at nisl vel nibh elementum dignissim. Pellentesque nibh tellus, egestas quis gravida id, varius sit amet diam. In fermentum orci lacus, ac porttitor augue sodales nec. In at dictum libero. Pellentesque convallis sodales semper. Morbi auctor suscipit sem ac dapibus. Praesent ac pretium magna. Vivamus cursus ipsum eget metus feugiat, pretium gravida nisi sodales. Suspendisse eget cursus magna. Nullam et purus blandit, facilisis nisl bibendum, pellentesque turpis. Phasellus ut nibh quis sapien consectetur convallis.');

 INSERT INTO CAR (ID, CAR_MODEL_ID, COLOR, PRICE, URL, SHORT_INFO, LONG_INFO) VALUES (10, 12, '#e2bd00', 180000, 'https://d-mf.ppstatic.pl/art/9u/ns/qahitb0gos0so04gowc0c/dsc_0020.1200.jpg', 'Lorem ipsum dolor sit amet, consectetur adipiscing elit. Pellentesque scelerisque condimentum eros in faucibus.',
                                                                                      'In ut leo nibh. Duis at lectus et mauris pretium finibus a pretium tellus. Etiam maximus ultricies urna, pellentesque posuere urna condimentum eget. Maecenas scelerisque lorem eget dolor fringilla egestas. Sed id est finibus, egestas purus et, dapibus arcu. Donec at nisl vel nibh elementum dignissim. Pellentesque nibh tellus, egestas quis gravida id, varius sit amet diam. In fermentum orci lacus, ac porttitor augue sodales nec. In at dictum libero. Pellentesque convallis sodales semper. Morbi auctor suscipit sem ac dapibus. Praesent ac pretium magna. Vivamus cursus ipsum eget metus feugiat, pretium gravida nisi sodales. Suspendisse eget cursus magna. Nullam et purus blandit, facilisis nisl bibendum, pellentesque turpis. Phasellus ut nibh quis sapien consectetur convallis.');

 INSERT INTO CAR (ID, CAR_MODEL_ID, COLOR, PRICE, URL, SHORT_INFO, LONG_INFO) VALUES (11, 7, '#e2bd00', 480000, 'https://c821b645c2c1bfaa7d44-968437da8b6582318a9696ac28dfde72.ssl.cf1.rackcdn.com/WBS4Y9C54JAG66842/37fdcfb42f46e5e986cda0bfdab0daa8.jpg', 'Lorem ipsum dolor sit amet, consectetur adipiscing elit. Pellentesque scelerisque condimentum eros in faucibus.',
                                                                                      'In ut leo nibh. Duis at lectus et mauris pretium finibus a pretium tellus. Etiam maximus ultricies urna, pellentesque posuere urna condimentum eget. Maecenas scelerisque lorem eget dolor fringilla egestas. Sed id est finibus, egestas purus et, dapibus arcu. Donec at nisl vel nibh elementum dignissim. Pellentesque nibh tellus, egestas quis gravida id, varius sit amet diam. In fermentum orci lacus, ac porttitor augue sodales nec. In at dictum libero. Pellentesque convallis sodales semper. Morbi auctor suscipit sem ac dapibus. Praesent ac pretium magna. Vivamus cursus ipsum eget metus feugiat, pretium gravida nisi sodales. Suspendisse eget cursus magna. Nullam et purus blandit, facilisis nisl bibendum, pellentesque turpis. Phasellus ut nibh quis sapien consectetur convallis.');


